id,category,app_name,website,docs_url,one_line_description,auth_methods,credential_access,self_serve_status,api_surface,mcp_available,buildability,main_blocker,evidence_urls,confidence,verification_notes
1,CRM and Sales,Salesforce,https://www.salesforce.com,https://developer.salesforce.com/docs/atlas.en-us.api_rest.meta/api_rest/intro_what_is_api.htm,Enterprise customer relation management and sales automation platform.,"OAuth 2.0 (JWT Bearer flow, Web Server flow)","Self-serve developer org creation, but production access requires administrator setup.",mixed,"REST API, SOAP API, Bulk API, Streaming API, Metadata API",Official MCP,Buildable,Enterprise administrator configuration and JWT certificate setup requirements.,"https://developer.salesforce.com/docs/atlas.en-us.api_rest.meta/api_rest/intro_what_is_api.htm, https://developer.salesforce.com/blogs/2025/02/announcing-salesforce-hosted-mcp-servers",Medium,Verified hosted Salesforce MCP server announcement and REST API OAuth flows.
2,CRM and Sales,HubSpot,https://www.hubspot.com,https://developers.hubspot.com/docs/api/overview,"Inbound marketing, sales, and service platform with robust customer data.","OAuth 2.0, Private App Access Tokens (Bearer)",Self-serve creation of developer accounts and private app tokens inside workspace settings.,self-serve,"REST API, GraphQL API, Webhooks",No,Easy win,None,"https://developers.hubspot.com/docs/api/oauth-quickstart-guide, https://developers.hubspot.com/docs/api/graphql/graphql-overview",High,Verified self-serve private app access token setup and GraphQL endpoints.
3,CRM and Sales,Pipedrive,https://www.pipedrive.com,https://developers.pipedrive.com/docs/api/v1,Sales-focused CRM designed to help small and medium businesses manage deals.,"OAuth 2.0, Personal API Token",Self-serve developer sandbox account creation and API token generation in settings.,self-serve,"REST API, Webhooks",No,Easy win,None,https://developers.pipedrive.com/docs/api/v1,High,Verified developer sandbox token generation in account settings.
4,CRM and Sales,Attio,https://www.attio.com,https://developers.attio.com/reference/authorization,"Modern, data-driven CRM designed for real-time collaborative workspace workflows.","OAuth 2.0, API Keys (Bearer)",Self-serve creation of API keys via developer settings.,self-serve,"REST API, Webhooks",No,Easy win,None,https://developers.attio.com/reference/authorization,High,Verified Bearer authentication token creation at build.attio.com.
5,CRM and Sales,Twenty,https://twenty.com,https://docs.twenty.com/developers/api-keys,Open-source CRM platform allowing full control over database tables and integrations.,"OAuth 2.0, API Keys (Bearer)",Self-serve creation via the settings panel in self-hosted or cloud workspaces.,self-serve,"REST API, GraphQL API, Webhooks",No,Easy win,None,https://docs.twenty.com/developers/api-keys,High,Verified open-source deployment provides instant local API key generation.
6,CRM and Sales,Podio,https://www.podio.com,https://developers.podio.com/index/api,Collaborative work management platform featuring custom app builders and workspaces.,"OAuth 2.0, App Authentication (App ID + App Token)",Self-serve generation of API keys in account settings; app-specific tokens are in app settings.,self-serve,"REST API, Webhooks",No,Buildable,"Rate limits and complex hierarchical structures (workspaces, apps, items).",https://developers.podio.com/index/api,High,Verified App Auth flow using App ID and App Token.
7,CRM and Sales,Zoho CRM,https://www.zoho.com/crm,https://www.zoho.com/crm/developer/docs/api/v6/,Multichannel CRM platform serving global sales teams.,OAuth 2.0,Self-serve client registration via the Zoho API Console.,self-serve,"REST API, Webhooks",No,Buildable,"Requires handling of regional domain routing (US, EU, IN, AU, JP) for API endpoints.",https://www.zoho.com/crm/developer/docs/api/v6/,High,Checked Zoho developer docs and regional routing setup.
8,CRM and Sales,Close,https://www.close.com,https://developer.close.com/#authentication,"Inside sales CRM featuring built-in calling, email, and SMS outreach features.","API Keys, OAuth 2.0",Self-serve generation of API keys directly in the user settings panel.,self-serve,"REST API, Webhooks",No,Easy win,None,https://developer.close.com/#authentication,High,Verified API keys use HTTP Basic Auth with the key as the username.
9,CRM and Sales,Copper,https://www.copper.com,https://developer.copper.com/#authentication,Google-centric CRM that integrates deeply with Google Workspace apps.,"API Keys (Custom Header), OAuth 2.0",Self-serve API keys in settings; OAuth apps require developer registration.,self-serve,"REST API, Webhooks",No,Easy win,None,https://developer.copper.com/#authentication,High,Checked custom headers: X-PW-AccessToken and X-PW-UserEmail.
10,CRM and Sales,DealCloud,https://api.docs.dealcloud.com,https://api.docs.dealcloud.com,"CRM and deal management platform customized for private equity, IB, and corporate development.",OAuth 2.0 Client Credentials,Gated. API keys must be enabled by a System Admin in user group configuration.,gated,"REST API, Swagger/OpenAPI docs",No,Buildable with caveats,Gated developer access requiring enterprise permissions and administrator setup.,https://api.docs.dealcloud.com,Medium,Confirmed that active enterprise client credentials are required for integration.
11,Support and Helpdesk,Zendesk,https://www.zendesk.com,https://developer.zendesk.com/api-reference/,Customer service software and ticketing support platform.,"OAuth 2.0, API Tokens (Basic Auth with /token suffix)",Self-serve creation of API tokens in the Zendesk Admin Center.,self-serve,"REST API, Chat API, Talk API, Webhooks",No,Easy win,None,https://developer.zendesk.com/documentation/ticketing/getting-started/api-basics/,High,Verified API token generation process under ticketing administration.
12,Support and Helpdesk,Intercom,https://www.intercom.com,https://developers.intercom.com/building-apps/docs,"Customer messaging platform with automated chatbots, help center, and inbox support.","OAuth 2.0, Access Tokens (Private Apps)",Self-serve API access token generation via the Intercom Developer Hub.,self-serve,"REST API, Webhooks, Canvas Kit",No,Easy win,None,https://developers.intercom.com/building-apps/docs/authentication-and-authorization,High,Verified private app token generation in the Intercom settings panel.
13,Support and Helpdesk,Freshdesk,https://www.freshdesk.com,https://developers.freshworks.com/docs/api/freshdesk/v2/,Cloud-based customer support software and helpdesk platform.,API Key (Basic Auth),Self-serve API key retrieval from profile settings.,self-serve,"REST API, Webhooks",No,Easy win,Lack of standard OAuth 2.0 for third-party REST API integrations.,https://developers.freshworks.com/docs/api/freshdesk/v2/,High,Verified that API uses key-based Basic Auth exclusively for outer REST integrations.
14,Support and Helpdesk,Front,https://www.front.com,https://dev.frontapp.com/reference/,Customer operations platform that brings shared inboxes and communications together.,"OAuth 2.0, API Tokens (Bearer)",Self-serve API token generation via settings; OAuth apps managed in developer portal.,self-serve,"REST API, Webhooks",No,Easy win,None,https://dev.frontapp.com/docs/getting-started,High,Verified Front core REST API token configuration process.
15,Support and Helpdesk,Pylon,https://usepylon.com,https://docs.usepylon.com/reference/,"Customer support platform built for B2B teams working on Slack, Teams, and email.",Bearer Token (API Key),Self-serve for admin users via the Pylon settings dashboard.,self-serve,"REST API, Webhooks",No,Easy win,None,https://docs.usepylon.com/reference/,High,Verified Pylon developer API docs and Bearer token usage.
16,Support and Helpdesk,LiveAgent,https://www.liveagent.com,https://support.liveagent.com/840770-Complete-API-reference,Omnichannel helpdesk and live chat software.,API Key (v3 API),Self-serve API key creation in Settings -> System -> API.,self-serve,"REST API v3, Webhooks",No,Easy win,None,https://support.liveagent.com/840770-Complete-API-reference,High,Checked LiveAgent v3 REST references under helpdesk configurations.
17,Support and Helpdesk,Plain,https://www.plain.com,https://docs.plain.com/api-reference/graphql-api,Modern customer support platform featuring a highly-optimized developer API.,API Key (Bearer),Self-serve API key creation under settings -> Machine Users.,self-serve,"GraphQL API, Webhooks",Third-party MCP,Easy win,GraphQL-only API surface requires querying schema and formatting operations.,"https://docs.plain.com/api-reference/graphql-api, https://github.com/plain-dev/mcp-server",High,Verified GraphQL endpoint and the existence of plain-dev mcp-server.
18,Support and Helpdesk,Help Scout,https://www.helpscout.com,https://developer.helpscout.com/mailbox-api/,Conversational email and support platform for customer-facing teams.,"OAuth 2.0 (Inbox v2), API Keys (Docs API)",Self-serve app creation under My Apps in profile settings.,self-serve,"REST API, Webhooks",No,Easy win,None,https://developer.helpscout.com/mailbox-api/get-started/,High,Verified OAuth client credentials authorization specs.
19,Support and Helpdesk,Gorgias,https://www.gorgias.com,https://developers.gorgias.com/reference/,E-commerce customer support helpdesk integrating with Shopify and Magento.,"API Key (Basic Auth), OAuth 2.0",Self-serve API key extraction from Settings -> Account -> REST API.,self-serve,"REST API, Webhooks",No,Easy win,None,https://developers.gorgias.com/reference/authentication,High,Checked HTTP Basic Auth rules with API keys.
20,Support and Helpdesk,Gladly,https://www.gladly.com,https://developer.gladly.com/rest/,Enterprise customer service platform designed around individual customer profiles.,API Token (Basic Auth),Gated. Needs 'API User' privileges assigned by an organization administrator.,gated,"REST API, Webhooks, Lookup API",No,Buildable with caveats,Enterprise-gated account permissions and credentials access.,https://developer.gladly.com/rest/#section/Authentication,Medium,Verified that API is gated by specific role settings in Gladly Admin panel.
21,Communications and Messaging,Slack,https://www.slack.com,https://api.slack.com/methods,Channel-based team messaging and workspace collaboration tool.,"OAuth 2.0 (Bot Token, User Token)",Self-serve app creation and token generation at api.slack.com/apps.,self-serve,"Web API (HTTP RPC), Socket Mode, Events API, Webhooks",Official MCP,Easy win,None,"https://api.slack.com/authentication, https://github.com/modelcontextprotocol/servers/tree/main/src/slack",High,Verified official slack MCP server repository.
22,Communications and Messaging,Twilio,https://www.twilio.com,https://www.twilio.com/docs/usage/api,"Developer platform for SMS, voice calls, video, and verification APIs.",API Keys (Basic Auth with Account SID/Auth Token),Self-serve account creation and token generation on Twilio console.,self-serve,"REST API, Webhooks, SDKs",Official MCP,Easy win,None,"https://www.twilio.com/docs/usage/api-keys, https://mcp.twilio.com/docs",High,Verified Twilio hosted MCP server schemas and discovery tools.
23,Communications and Messaging,Zoho Cliq,https://www.zoho.com/cliq,https://www.zoho.com/cliq/developer/docs/api/,"Business communication software with channels, bots, and app integrations.",OAuth 2.0,Self-serve creation via the Zoho API console.,self-serve,"REST API, Webhooks",No,Buildable,Regional multi-datacenter redirect URLs.,https://www.zoho.com/cliq/developer/docs/api/,High,Checked Cliq developer API console options.
24,Communications and Messaging,Lark / Larksuite,https://open.larksuite.com,https://open.larksuite.com/document/,"Enterprise collaboration platform combining chat, documents, and meetings.","OAuth 2.0 (Tenant Access Token, User Access Token)",Self-serve app creation and token generation on the Lark Open Platform portal.,self-serve,"REST API, Event Subscription, Webhooks",No,Easy win,None,https://open.larksuite.com/document/home/introduction-to-scope-and-authorization/authorization-guide,High,Verified Lark suite open platform self-serve access.
25,Communications and Messaging,Pumble,https://pumble.com,https://developer.pumble.com/,Team chat and collaboration tool similar to Slack.,"API Key, OAuth 2.0",Self-serve API keys via the API Addon inside workspace settings.,self-serve,"REST API, Webhooks",No,Easy win,None,https://developer.pumble.com/,High,Verified Pumble CLI and SDK token headers.
26,Communications and Messaging,Discord,https://discord.com,https://discord.com/developers/docs/intro,"Voice, video, and text communication platform serving communities.","Bot Token, OAuth 2.0",Self-serve bot token and client credentials on the Discord Developer Portal.,self-serve,"REST API, Gateway (WebSockets), Webhooks",No,Easy win,None,https://discord.com/developers/docs/topics/oauth2,High,Verified developer portal application authorization setup.
27,Communications and Messaging,Telegram,https://core.telegram.org,https://core.telegram.org/bots/api,Cloud-based mobile and desktop messaging app focused on speed and security.,Bot Token,Self-serve bot creation and token retrieval using @BotFather.,self-serve,"REST API (HTTP Bot API), MTProto Protocol (for client connections)",Third-party MCP,Easy win,None,"https://core.telegram.org/bots/api#authorizing-your-bot, https://github.com/xingyuchen/telegram-mcp",High,Verified Bot API token structure and community MCP projects.
28,Communications and Messaging,WhatsApp Business,https://developers.facebook.com/docs/whatsapp,https://developers.facebook.com/docs/whatsapp/cloud-api,Messaging API letting business accounts send texts and media programmatically.,Bearer Access Token,Self-serve token generation via Meta for Developers portal.,self-serve,"REST API, Webhooks",No,Buildable with caveats,Production scale requires official Meta Business Portfolio verification.,https://developers.facebook.com/docs/whatsapp/cloud-api/get-started,Medium,Verified that scale limit requires manual business verification.
29,Communications and Messaging,Aircall,https://aircall.io,https://developer.aircall.io/,Cloud-based call center software integrating telephony into helpdesks and CRMs.,"Basic Authentication, OAuth 2.0",Self-serve Basic API keys inside dashboard; OAuth app registration requires sales contact.,mixed,"REST API, Webhooks",No,Buildable,Telephony configuration requires setup; OAuth apps must be approved by the partner team.,https://developer.aircall.io/#authentication,High,Checked Aircall developer sandbox settings.
30,Communications and Messaging,Vonage,https://developer.vonage.com,https://developer.vonage.com/api/,"Global communications API provider for SMS, voice, and video messaging.","API Key & Secret (Basic Auth), JWT Bearer Token",Self-serve creation of API keys and Application IDs on the Vonage Dashboard.,self-serve,"REST API, SDKs, Webhooks",No,Easy win,None,https://developer.vonage.com/en/getting-started/concepts/authentication,High,Verified Basic and JWT token details on Vonage developer hub.
31,Marketing Ads Email and Social,Google Ads,https://developers.google.com/google-ads,https://developers.google.com/google-ads/api/docs/start,Advertising platform letting businesses run ads on Google Search and YouTube.,OAuth 2.0 + Developer Token,Gated developer token application process; OAuth keys generated via Google Cloud project.,gated,"REST API (JSON), gRPC API",Official MCP,Buildable with caveats,Required developer token approval review and compliance levels (Basic vs Standard access).,"https://developers.google.com/google-ads/api/docs/first-request, https://github.com/google/google-ads-mcp",Medium,Verified official Google Ads MCP server features.
32,Marketing Ads Email and Social,Meta Ads,https://developers.facebook.com/docs/marketing-apis,https://developers.facebook.com/docs/marketing-apis,"Marketing platform for creating and analyzing ads on Facebook, Instagram, and Messenger.","OAuth 2.0 (User Access Token, System User Token)",Mixed. Standard app setup is self-serve; full access requires App Review.,mixed,"REST API (Graph API), Webhooks",No,Buildable with caveats,Strict Meta App Review process and business verification requirements for production limits.,https://developers.facebook.com/docs/marketing-api/overview,Medium,Verified that API is gated by Facebook App Review.
33,Marketing Ads Email and Social,LinkedIn Ads,https://learn.microsoft.com/linkedin/marketing,https://learn.microsoft.com/en-us/linkedin/marketing/,B2B social network advertising platform for targeted marketing campaigns.,OAuth 2.0,Gated. Requires creating an app in the LinkedIn Developer Portal and submitting an access request form.,gated,REST API,No,Outreach needed,Access to LinkedIn Marketing Developer Program requires manual application review and approval.,https://learn.microsoft.com/en-us/linkedin/shared/authentication/authorization-code-flow,Medium,Verified that API requires developer application review.
34,Marketing Ads Email and Social,GoHighLevel,https://highlevel.stoplight.io,https://highlevel.stoplight.io/,"White-label marketing, automation, and funnel builder for agencies.","OAuth 2.0, API Keys (v2 API)",Self-serve API keys in settings; OAuth apps created on developer marketplace dashboard.,self-serve,REST API (v2),No,Easy win,None,https://highlevel.stoplight.io/docs/ghl-api-v2/introduction,High,Verified GoHighLevel API v2 OAuth setup.
35,Marketing Ads Email and Social,Mailchimp,https://mailchimp.com/developer,https://mailchimp.com/developer/,Popular email marketing platform and automated campaign manager.,"API Key, OAuth 2.0",Self-serve API key creation in user account dashboard settings.,self-serve,"REST API v3, Webhooks",No,Easy win,None,https://mailchimp.com/developer/marketing/docs/fundamentals/#authenticate-with-an-api-key,High,Verified API key Basic Auth format.
36,Marketing Ads Email and Social,Klaviyo,https://developers.klaviyo.com,https://developers.klaviyo.com/en/reference/,E-commerce-focused marketing automation and email delivery platform.,"Private API Key (Custom Authorization header), OAuth 2.0",Self-serve private API key generation within Account settings.,self-serve,"REST API, Webhooks",No,Easy win,None,https://developers.klaviyo.com/en/reference/authentication,High,Checked custom Klaviyo authorization headers.
37,Marketing Ads Email and Social,systeme.io,https://systeme.io,https://systeme.io/api-documentation,"All-in-one marketing platform for sales funnels, email marketing, and online courses.",API Key (Custom Header),Self-serve creation in user profile settings panel.,self-serve,REST API,No,Easy win,None,https://systeme.io/api-documentation,High,Verified API key documentation instructions.
38,Marketing Ads Email and Social,Pinterest,https://developers.pinterest.com,https://developers.pinterest.com/docs/api/v5/,"Visual discovery network with marketing, pin management, and catalog integrations.",OAuth 2.0,Self-serve application registration inside the Pinterest Developer Console.,self-serve,"REST API (v5), Webhooks",No,Easy win,None,https://developers.pinterest.com/docs/api/v5/#tag/Authentication,High,Verified Pinterest v5 REST API authentication schemas.
39,Marketing Ads Email and Social,Threads,https://developers.facebook.com/docs/threads,https://developers.facebook.com/docs/threads,Text-based social network API for publishing posts and reading interactions.,OAuth 2.0,Self-serve app registration in Meta Developer dashboard.,self-serve,REST API (Graph API),No,Easy win,None,https://developers.facebook.com/docs/threads/getting-started,High,Verified Threads Graph API endpoints.
40,Marketing Ads Email and Social,SendGrid,https://sendgrid.com,https://docs.sendgrid.com/api-reference,Transactional and marketing email delivery infrastructure.,API Key (Bearer),Self-serve generation under API Keys in the SendGrid console.,self-serve,"REST API v3, Webhooks",No,Easy win,None,https://docs.sendgrid.com/api-reference/how-to-use-the-sendgrid-v3-api/authentication,High,Verified standard Bearer key headers.
41,Ecommerce,Shopify,https://shopify.dev,https://shopify.dev/docs/api/admin-graphql,Cloud e-commerce platform letting merchants build online stores.,"OAuth 2.0, Custom App Access Token",Self-serve creation in the Shopify Partner Dashboard or Admin Panel.,self-serve,"GraphQL Admin API, REST Admin API, Storefront API, Webhooks",Official MCP,Easy win,None,"https://shopify.dev/docs/apps/auth/admin-access-tokens, https://shopify.dev/docs/api/mcp",High,Verified Shopify official MCP server support.
42,Ecommerce,WooCommerce,https://woocommerce.com/document/woocommerce-rest-api,https://woocommerce.github.io/woocommerce-rest-api-docs/,Open-source e-commerce plugin built for WordPress.,Consumer Key & Secret (Basic Auth or OAuth 1.0a),Self-serve creation in the WordPress admin panel under WooCommerce settings.,self-serve,"REST API, Webhooks",No,Easy win,Self-hosted configurations can lead to HTTPS routing or authentication issues.,https://woocommerce.github.io/woocommerce-rest-api-docs/#authentication,High,Verified WooCommerce Basic Auth integration rules.
43,Ecommerce,BigCommerce,https://developer.bigcommerce.com,https://developer.bigcommerce.com/docs/rest-api,SaaS e-commerce platform for fast-growing and enterprise brands.,API Token (OAuth),Self-serve API credential creation in the store control panel.,self-serve,"REST API, Webhooks",No,Easy win,None,https://developer.bigcommerce.com/docs/start/authentication,High,Verified custom HTTP token header rules.
44,Ecommerce,Salesforce Commerce Cloud,https://developer.salesforce.com/docs/commerce,https://developer.salesforce.com/docs/commerce/commerce-api,Enterprise cloud e-commerce system featuring multi-site store configurations.,OAuth 2.0 (Account Manager),Gated. Requires enterprise credentials and sandbox organization access.,gated,"Salesforce Commerce API (SCAPI), Open Commerce API (OCAPI)",No,Outreach needed,No public self-serve sandbox; requires active Salesforce Business account.,https://developer.salesforce.com/docs/commerce/commerce-api/guide/authorization.html,Medium,Confirmed sandbox access is restricted to enterprise accounts.
45,Ecommerce,Magento / Adobe Commerce,https://developer.adobe.com/commerce,https://developer.adobe.com/commerce/webapi/,Highly customizable e-commerce platform built for medium and enterprise merchants.,"Integration Tokens, Admin Token (Basic Auth)",Self-serve (for self-hosted instances) inside the admin panel under Integrations.,self-serve,"REST API, GraphQL API",No,Buildable,Integration setup relies on database-level settings and custom key generation.,https://developer.adobe.com/commerce/webapi/get-started/authentication/,High,Verified integration token setup.
46,Ecommerce,Squarespace,https://developers.squarespace.com,https://developers.squarespace.com/commerce-api,Sleek website builder offering e-commerce storefront features.,API Key,Gated. API key tab is only visible on active Squarespace Business/Commerce plans.,gated,REST Commerce API,No,Buildable with caveats,Requires a paid plan to obtain credentials; no free developer sandboxes available.,https://developers.squarespace.com/commerce-api/authentication,Medium,Confirmed no free developer sandboxes exist.
47,Ecommerce,Ecwid,https://api-docs.ecwid.com,https://api-docs.ecwid.com/,Modular e-commerce shopping cart widget that can be embedded on any site.,"OAuth 2.0, Access Token (API Key)",Self-serve app registration in the Ecwid developer panel.,self-serve,"REST API, Webhooks",No,Easy win,None,https://api-docs.ecwid.com/reference/authentication,High,Verified standard Bearer token specs.
48,Ecommerce,Gumroad,https://gumroad.com/api,https://gumroad.com/api,Simple checkout platform tailored for creators and digital product distribution.,"OAuth 2.0, Personal Access Token",Self-serve token creation via developer settings panel.,self-serve,REST API,No,Easy win,None,https://gumroad.com/api#authentication,High,Checked user dashboard token extraction.
49,Ecommerce,Amazon Selling Partner,https://developer-docs.amazon.com/sp-api,https://developer-docs.amazon.com/sp-api,APIs allowing external developers to build apps managing Amazon orders and inventory.,OAuth 2.0 (Login with Amazon) + AWS IAM Signatures,Gated. Amazon Seller account registration and manual verification are mandatory.,gated,REST API (JSON),No,Outreach needed,Requires complex AWS IAM setup and strict Amazon Developer verification reviews.,https://developer-docs.amazon.com/sp-api/docs/connecting-to-the-selling-partner-api,Medium,Checked SP-API developer registration requirements.
50,Ecommerce,fanbasis,https://fanbasis.com,https://www.npmjs.com/package/@fanbasis/checkout-sdk,Payment and engagement portal for digital creator monetization.,API Key,Self-serve API keys available through the developer settings in the user dashboard.,self-serve,REST API (TypeScript SDK '@fanbasis/checkout-sdk' available),No,Easy win,None,https://www.npmjs.com/package/@fanbasis/checkout-sdk,High,Verified official TypeScript SDK @fanbasis/checkout-sdk on npm for developer checkout integrations.
51,Data SEO and Scraping,DataForSEO,https://docs.dataforseo.com,https://docs.dataforseo.com/,"API provider for SEO, search rankings, and keyword data.",Basic Authentication (API Key),Self-serve API credential creation in the dashboard.,self-serve,REST API (JSON),No,Easy win,None,https://docs.dataforseo.com/#quick-start,High,Verified Basic Auth format using dashboard credentials.
52,Data SEO and Scraping,SE Ranking,https://seranking.com/api,https://seranking.com/api,All-in-one SEO analysis and ranking software.,API Key (Token),Self-serve generation within user settings.,self-serve,REST API,No,Easy win,None,https://seranking.com/api,High,Verified API token format.
53,Data SEO and Scraping,Ahrefs,https://ahrefs.com/api,https://ahrefs.com/api/documentation,"SEO toolset for backlink monitoring, link building, and site audits.","API Key (Token), OAuth 2.0",Gated. API v3 requires active Enterprise level subscriptions.,gated,REST API v3,No,Buildable with caveats,Extremely expensive subscription tier requirement (Enterprise) for API access.,https://ahrefs.com/api/documentation,Medium,Verified that API is restricted to premium enterprise subscriptions.
54,Data SEO and Scraping,MrScraper,https://docs.mrscraper.com,https://docs.mrscraper.com/,Visual web scraper and automated data extractor.,API Key,Self-serve API key creation in user dashboard.,self-serve,REST API,No,Easy win,None,https://docs.mrscraper.com,High,Checked user dashboard settings.
55,Data SEO and Scraping,Apify,https://docs.apify.com,https://docs.apify.com/api/v2,"Cloud platform for web scraping, data extraction, and automation actors.",API Token (Bearer),Self-serve token generation under integrations in the Apify Console.,self-serve,"REST API, SDKs, Webhooks",No,Easy win,None,https://docs.apify.com/api/v2#/introduction/authentication,High,Checked standard API token structures.
56,Data SEO and Scraping,Firecrawl,https://firecrawl.dev,https://docs.firecrawl.dev/api-reference/,API converting web pages into clean LLM-friendly markdown structure.,API Key (Bearer),Self-serve registration on the Firecrawl portal.,self-serve,"REST API, SDKs",No,Easy win,None,https://docs.firecrawl.dev/api-reference/introduction,High,Verified API key dashboard generation.
57,Data SEO and Scraping,Bright Data,https://brightdata.com,https://brightdata.com/products/proxy-manager,Proxy service provider and structured web data extractor.,API Token,Self-serve account and token generation inside dashboard settings.,self-serve,"REST API, Web Scraping API",No,Easy win,None,https://brightdata.com,High,Verified proxy configurations.
58,Data SEO and Scraping,Sherlock,https://github.com/sherlock-project/sherlock,https://github.com/sherlock-project/sherlock,Open-source Python CLI tool searching username profiles across social websites.,No API/Auth (CLI Tool),No registration; code runs locally via terminal CLI.,self-serve,CLI script / No public hosted API,No,Not currently buildable,Pure CLI utility. No managed public REST API available to call.,https://github.com/sherlock-project/sherlock,High,Verified Sherlock is a local Python command-line utility with no hosted public API or official SaaS backend.
59,Data SEO and Scraping,Waterfall.io,https://waterfall.io,https://docs.waterfall.io/v1/introduction,Direct contact database and marketing automation tool.,API Key (x-api-key header),Self-serve creation of API keys in the developer settings.,self-serve,REST API,No,Easy win,None,https://docs.waterfall.io/v1/introduction,High,Verified public developer documentation hosted via Mintlify at docs.waterfall.io.
60,Data SEO and Scraping,Clay,https://clay.com,https://clay.com,Smart CRM and automated data enrichment database.,API Key (Bearer),Self-serve API key creation in user account settings.,self-serve,"REST API, Webhooks",No,Easy win,None,https://clay.com,High,Verified API key generation process.
61,Developer Infra and Data Platforms,GitHub,https://docs.github.com/rest,https://docs.github.com/en/rest,Repository hosting platform using Git for developer version control.,"Personal Access Tokens (PAT), OAuth 2.0, GitHub App Installation Tokens",Self-serve PAT generation in profile settings and OAuth apps in developer settings.,self-serve,"REST API, GraphQL API, Webhooks",Official MCP,Easy win,None,"https://docs.github.com/en/rest/authentication, https://github.com/github/github-mcp-server",High,Verified GitHub official MCP support.
62,Developer Infra and Data Platforms,Vercel,https://vercel.com/docs/rest-api,https://vercel.com/docs/rest-api,Cloud hosting platform tailored for frontend developers and serverless functions.,"API Token (Bearer), OAuth 2.0",Self-serve token creation under user profile tokens settings.,self-serve,"REST API, Webhooks",No,Easy win,None,https://vercel.com/docs/rest-api#authentication,High,Verified Bearer auth token header.
63,Developer Infra and Data Platforms,Netlify,https://docs.netlify.com/api,https://docs.netlify.com/api/v1/,Deployment and web hosting platform for jamstack sites.,"Personal Access Tokens (Bearer), OAuth 2.0",Self-serve generation under user settings -> Applications -> PAT.,self-serve,"REST API v1, Webhooks",No,Easy win,None,https://docs.netlify.com/api/v1/#authentication,High,Verified Netlify PAT settings.
64,Developer Infra and Data Platforms,Cloudflare,https://developers.cloudflare.com/api,https://developers.cloudflare.com/api/,"DNS, web security, CDN, and serverless edge compute provider.","API Token (Bearer), API Keys (Global)",Self-serve API token generation in user profile settings.,self-serve,"REST API, GraphQL Analytics API",No,Easy win,None,https://developers.cloudflare.com/api/#authentication,High,Checked Cloudflare scoped token generation.
65,Developer Infra and Data Platforms,Supabase,https://supabase.com/docs,https://supabase.com/docs/guides/api,Open-source Firebase alternative providing managed PostgreSQL database services.,"JWT tokens (anon key, service role key)",Self-serve credentials provided instantly on project dashboard setup.,self-serve,"REST API (via PostgREST), GraphQL API, Realtime Webhooks",No,Easy win,None,https://supabase.com/docs/guides/api#api-keys,High,Verified standard Supabase project keys.
66,Developer Infra and Data Platforms,Neo4j,https://neo4j.com/docs/api,https://neo4j.com/docs/api/http-api/,Graph database engine mapping structured node connections.,"Basic Authentication (User/Password), Bearer Token",Self-serve database configuration inside instance settings.,self-serve,"HTTP API, Bolt protocol, Cypher endpoint",No,Easy win,None,https://neo4j.com/docs/api/http-api/,High,Verified Cypher REST API endpoints.
67,Developer Infra and Data Platforms,Snowflake,https://docs.snowflake.com,https://docs.snowflake.com/en/developer-guide/sql-api/index,Cloud-native data warehouse and analytics engine.,"OAuth 2.0, Key Pair Authentication",Gated. Requires organization system administrator console setup to authorize integrations.,gated,"SQL REST API, JDBC/ODBC Drivers",No,Buildable with caveats,Requires account system admin access to configure OAuth integration and security policies.,https://docs.snowflake.com/en/developer-guide/sql-api/authenticating-requests,Medium,Verified security policies for database access.
68,Developer Infra and Data Platforms,MongoDB Atlas,https://www.mongodb.com/docs/atlas/api,https://www.mongodb.com/docs/atlas/api/v2.0/,Managed cloud database service hosting MongoDB.,API Key (Digest Auth),Self-serve key generation inside organization security dashboard.,self-serve,"REST Admin API, Data API (REST)",No,Buildable,Requires manual configuration of IP access list white-lists to permit API traffic.,https://www.mongodb.com/docs/atlas/configure-api-access/,High,Verified Admin API digest credentials.
69,Developer Infra and Data Platforms,Datadog,https://docs.datadoghq.com/api,https://docs.datadoghq.com/api/latest/,"Observability, monitoring, and security telemetry platform.","API Key & Application Key, OAuth 2.0, PAT/SAT",Self-serve generation under organization settings -> API keys.,self-serve,"REST API, SDKs",Official MCP,Easy win,None,"https://docs.datadoghq.com/api/latest/#authentication, https://docs.datadoghq.com/api/latest/mcp-server/",High,Verified Datadog official MCP support.
70,Developer Infra and Data Platforms,Sentry,https://docs.sentry.io/api,https://docs.sentry.io/api/,Application monitoring and error tracking software developer platform.,"Auth Token (Bearer), OAuth 2.0",Self-serve creation under user settings -> API -> Auth Tokens.,self-serve,"REST API, Webhooks",No,Easy win,None,https://docs.sentry.io/api/auth/,High,Verified scoped tokens setup.
71,Productivity and Project Management,Notion,https://developers.notion.com,https://developers.notion.com/reference/,"Workspace software combining notes, databases, wikis, and task boards.","Internal Integration Token (Bearer), OAuth 2.0",Self-serve creation in the Notion My Integrations developer portal.,self-serve,REST API,Official MCP,Easy win,None,"https://developers.notion.com/docs/authorization, https://github.com/modelcontextprotocol/servers/tree/main/src/notion",High,Checked Notion official MCP support.
72,Productivity and Project Management,Airtable,https://airtable.com/developers,https://airtable.com/developers/web/api/introduction,Low-code database platform built with a user-friendly spreadsheet interface.,"Personal Access Tokens (Bearer), OAuth 2.0",Self-serve PAT generation in account builder settings.,self-serve,"REST API, Webhooks",No,Easy win,None,https://airtable.com/developers/web/api/authorization,High,Verified PAT setup panel.
73,Productivity and Project Management,Linear,https://developers.linear.app,https://developers.linear.app/docs/,Issue tracking tool tailored for high-velocity software product engineering teams.,"Personal API Key (Bearer), OAuth 2.0",Self-serve generation under developer settings panel.,self-serve,"GraphQL API, Webhooks",No,Easy win,GraphQL-only structure requires schema mapping.,https://developers.linear.app/docs/graphql/working-with-graphql#authentication,High,Verified GraphQL API setup.
74,Productivity and Project Management,Jira,https://developer.atlassian.com,https://developer.atlassian.com/cloud/jira/platform/rest/v3/intro/,Enterprise project management and software development planning software.,"Basic Auth (API Token), OAuth 2.0",Self-serve API token generation inside Atlassian account security settings.,self-serve,"REST API v3, Webhooks",No,Easy win,None,https://developer.atlassian.com/cloud/jira/platform/basic-auth-for-rest-apis/,High,Checked basic auth API token generation.
75,Productivity and Project Management,Asana,https://developers.asana.com,https://developers.asana.com/reference/rest-api-reference,Workspace task management and project collaboration software.,"Personal Access Tokens (Bearer), OAuth 2.0",Self-serve token creation under Developer Console in profile settings.,self-serve,"REST API, Webhooks",No,Easy win,None,https://developers.asana.com/docs/personal-access-token,High,Checked token creation in settings.
76,Productivity and Project Management,Monday.com,https://developer.monday.com,https://developer.monday.com/api-reference/docs,Cloud workspace management software tailored for operations and teams.,"API Token (Bearer), OAuth 2.0",Self-serve API token generation under Developer settings.,self-serve,"GraphQL API, Webhooks",No,Easy win,GraphQL-only API surface requires querying boards and items using nested structures.,https://developer.monday.com/api-reference/docs/authentication,High,Checked Monday developer token page.
77,Productivity and Project Management,ClickUp,https://clickup.com/api,https://clickup.com/api/,"All-in-one productivity suite for tasks, docs, chat, and goals.","Personal API Key (Bearer), OAuth 2.0",Self-serve key generation inside user profile settings under apps.,self-serve,"REST API, Webhooks",No,Easy win,None,https://clickup.com/api/developer-portal/authentication/,High,Checked clickup personal key settings.
78,Productivity and Project Management,Coda,https://coda.io/developers,https://coda.io/developers/apis/v1,Document editor hosting collaborative tables and app widgets.,"API Token (Bearer), OAuth 2.0",Self-serve token creation under account settings developer options.,self-serve,"REST API, Webhooks",No,Easy win,None,https://coda.io/developers/apis/v1#section/Authentication,High,Verified Coda token headers.
79,Productivity and Project Management,Smartsheet,https://www.smartsheet.com/developers,https://smartsheet.redoc.ly/,Enterprise sheet management software combining spreadsheets with tracking.,"API Access Token (Bearer), OAuth 2.0",Self-serve token creation under Account settings developer tools.,self-serve,"REST API, Webhooks",No,Easy win,None,https://smartsheet.redoc.ly/#section/Authentication,High,Checked token setup in profile settings.
80,Productivity and Project Management,Harvest,https://help.getharvest.com/api-v2,https://help.getharvest.com/api-v2/,Time tracking and billing helper for agency and corporate teams.,"Personal Access Tokens (Bearer), OAuth 2.0",Self-serve token creation on the Harvest developer portal page.,self-serve,"REST API, Webhooks",No,Easy win,None,https://help.getharvest.com/api-v2/authentication/authentication/,High,Verified both bearer token and account ID header requirements.
81,Finance and Fintech,Stripe,https://stripe.com/docs/api,https://stripe.com/docs/api,Payment infrastructure allowing businesses to collect online transactions.,"Secret API Key (Bearer), Restricted Keys, OAuth 2.0",Self-serve API keys in the developer dashboard portal.,self-serve,"REST API, Webhooks, SDKs",Official MCP,Easy win,None,"https://stripe.com/docs/api/authentication, https://mcp.stripe.com",High,Verified Stripe official MCP server support.
82,Finance and Fintech,Plaid,https://plaid.com/docs,https://plaid.com/docs/api/,API network linking bank accounts to financial apps.,"Client ID + Secret (Custom Headers), OAuth 2.0",Gated. Sandbox keys are self-serve; live production access requires manual vetting.,mixed,"REST API, Link SDK",No,Buildable with caveats,"Strict production access verification, business vetting, and security compliance.",https://plaid.com/docs/api/tokens/,Medium,"Verified sandbox access is self-serve, but live keys require business vetting."
83,Finance and Fintech,Binance,https://binance-docs.github.io,https://binance-docs.github.io/apidocs/,Digital currency cryptocurrency exchange API.,API Key + HMAC SHA256 Signature,Self-serve key generation inside account profile API Management settings.,self-serve,"REST API, WebSockets",No,Easy win,Requires handling of cryptographic signatures for signed endpoints; regional access bans.,https://binance-docs.github.io/apidocs/spot/en/#key-requirements,High,Verified key creation and cryptography rules.
84,Finance and Fintech,Paygent Connect,https://paygent.com,https://www.paygent.co.jp/,Japanese payment service provider processing credit cards and convenience store transactions.,"Merchant ID + API Key, Client Certificate Auth",Gated. Developer access and sandboxes require active business partnerships.,gated,"REST API, SSL Client Certificate",No,Outreach needed,Documentation and sandbox systems are restricted to verified Japanese partner entities.,https://www.paygent.co.jp/payment/method/,Medium,Verified Paygent (NTT Data/MUFG joint venture) modules and connection requirements. Official integration guides require NDA.
85,Finance and Fintech,iPayX,https://ipayx.ai/docs,https://hvujzsdwcoweirroubeh.supabase.co/functions/v1/mcp-server/docs,MCP-native foreign exchange (FX) transaction audit engine and mid-market rate verification platform.,Bearer Token (API key: ipx_live_... / ipx_test_...),Self-serve API keys generated from user dashboard at app.ipayx.ai.,self-serve,"REST API, MCP Server",Official MCP,Easy win,None,"https://hvujzsdwcoweirroubeh.supabase.co/functions/v1/mcp-server/docs, https://github.com/iPAYX-Technologies/mcp-fx-audit",High,Verified official hosted MCP server at Supabase endpoint and open-source GitHub project for FX forensics.
86,Finance and Fintech,QuickBooks,https://developer.intuit.com,https://developer.intuit.com/app/developer/qbo/docs/develop,"Business accounting software mapping invoices, payments, and books.",OAuth 2.0,Self-serve developer dashboard account creation.,self-serve,REST API,No,Buildable,Requires complex accounting object mapping and standard OAuth token refresh handling.,https://developer.intuit.com/app/developer/qbo/docs/develop/authentication-and-authorization,Medium,Verified sandbox setup flows.
87,Finance and Fintech,Xero,https://developer.xero.com,https://developer.xero.com/documentation/,Cloud accounting software for small businesses.,OAuth 2.0,Self-serve application registration inside the Xero Developer Portal.,self-serve,"REST API, Webhooks",No,Easy win,None,https://developer.xero.com/documentation/guides/oauth2/overview/,High,Verified developer portal setup and sandbox org availability.
88,Finance and Fintech,Brex,https://developer.brex.com,https://developer.brex.com/,"Corporate card, spend management, and business banking platform.","User Token (OAuth 2.0), Client Credentials",Self-serve creation in the Brex developer console.,self-serve,"REST API, Webhooks",No,Easy win,None,https://developer.brex.com/docs/quickstart/,High,Verified developer console access.
89,Finance and Fintech,Ramp,https://docs.ramp.com,https://docs.ramp.com/developer-hub,"Finance automation platform combining corporate cards, expense reports, and bills.","OAuth 2.0 Client Credentials, API Keys",Self-serve creation via settings in the Ramp dashboard developer tab.,self-serve,"REST API, Webhooks",No,Easy win,None,https://docs.ramp.com/developer-hub/introduction,High,Verified client credentials auth flows.
90,Finance and Fintech,PitchBook,https://pitchbook.com,https://api.pitchbook.com,"Data intelligence platform tracking private capital markets, VC, and M&A deals.",Token (PB-Token header),Gated. Standalone contract addendum and active client subscription/credits required.,gated,REST API,No,Outreach needed,"Requires client subscription, NDA/contract addendum, and pay-per-credit API billing structure.",https://pitchbook.com/integrations/api,Medium,Verified token authentication headers and custom endpoint specs via client integration references.
91,AI Research and Media,NotebookLM / Gemini Enterprise API,https://cloud.google.com/gemini,https://ai.google.dev/gemini-api/docs,Google enterprise generative AI and developer LLM API network.,"API Key, OAuth 2.0",Self-serve API keys via Google AI Studio or Google Cloud Console.,self-serve,"REST API, SDKs",No,Easy win,NotebookLM lacks a public API; Gemini API is the official developer entry point.,https://ai.google.dev/gemini-api/docs,High,Verified Google AI Studio API key generation.
92,AI Research and Media,Otter AI,https://otter.ai,https://otter.ai,Voice meeting recording and automated transcripts.,OAuth 2.0 / API Key (Bearer Token),Self-serve API keys available under Settings -> API & MCP (Enterprise plan required).,gated,"REST API, MCP Server",Official MCP,Buildable with caveats,Enterprise workspace subscription required to enable developer API settings and MCP configurations.,https://otter.ai/blog/otter-announces-mcp-integration,High,Verified official release of native Model Context Protocol (MCP) server support and REST API settings.
93,AI Research and Media,Fathom,https://fathom.video,https://fathom-e4df0608.mintlify.app/,Meeting recorder and AI transcription helper for Zoom and Teams.,API Key / OAuth 2.0,Self-serve API keys generated under User Settings -> API Access.,self-serve,"REST API, Webhooks",No,Easy win,None,https://fathom-e4df0608.mintlify.app/,High,Verified public Mintlify documentation and self-serve API settings in user profile.
94,AI Research and Media,Consensus,https://consensus.app,https://docs.consensus.app/,AI-powered search engine synthesizing scientific research findings.,API Key,Self-serve API keys generated under the Integrations section of the Consensus Webapp.,self-serve,"REST API, MCP Server",Official MCP,Easy win,None,https://docs.consensus.app/,High,"Verified official developer documentation, self-serve dashboard API keys tab, and official MCP server integration."
95,AI Research and Media,Reducto,https://reducto.ai,https://studio.reducto.ai,LLM-friendly document parsing and table extraction API.,API Key (Bearer),Self-serve registration on studio.reducto.ai.,self-serve,"REST API, SDKs, CLI, MCP Server",Third-party MCP,Easy win,None,"https://studio.reducto.ai, https://reducto.ai/blog/introducing-mcp-server",High,Verified studio developer token key access.
96,AI Research and Media,Devin,https://docs.devin.ai,https://docs.devin.ai,AI software engineering agent capable of executing complex development cycles.,API Key (Bearer),Gated. Access is restricted to waitlist and enterprise customers.,gated,REST API,No,Buildable with caveats,Waitlist requirements and closed developer beta access constraints.,https://docs.devin.ai,Medium,"Verified API docs, but access is restricted to waitlist."
97,AI Research and Media,Higgsfield,https://higgsfield.ai,https://github.com/higgsfield-ai/cli,AI video generation tool built for mobile and creators.,OAuth (Higgsfield account login for MCP/CLI),Self-serve via Higgsfield account authentication when configuring the CLI or MCP server.,self-serve,"CLI, MCP Server, Python SDK",Official MCP,Easy win,None,"https://github.com/higgsfield-ai/cli, https://github.com/higgsfield-ai/skills",High,"Verified official CLI at github.com/higgsfield-ai/cli, Python SDK, and official native MCP server support."
98,AI Research and Media,Mermaid CLI,https://github.com/mermaid-js/mermaid-cli,https://github.com/mermaid-js/mermaid-cli,Command-line utility rendering Mermaid diagram text definitions to PNG/SVG.,No API/Auth (Open Source CLI Tool),No registration; code runs locally via Node process.,self-serve,CLI (NPM package 'mermaid-cli' and third-party MCP servers exist),Third-party MCP,Buildable with caveats,Local CLI utility; does not offer a public hosted REST SaaS API endpoints.,"https://github.com/mermaid-js/mermaid-cli, https://github.com/hustcc/mcp-mermaid",High,"Verified open source CLI repository, local installation models, and multiple community-developed MCP server packages."
99,AI Research and Media,YouTube Transcript,https://transcriptapi.com,https://transcriptapi.com,API retrieving video subtitles and text transcripts from YouTube.,API Key,Self-serve registration on the wrapper developer site.,self-serve,REST API,No,Easy win,None,https://transcriptapi.com,High,Verified API key configurations.
100,AI Research and Media,Grain,https://grain.com,https://developers.grain.com,AI meeting recorder capturing video highlights and meeting summaries.,Personal Access Token (PAT) / Workspace Access Token (WAT) / OAuth2,Self-serve API keys generated under Workspace settings -> Integrations -> API.,mixed,"REST API, Webhooks, MCP Server",Official MCP,Buildable with caveats,Business or Enterprise workspace subscription required to enable developer API settings and tokens.,https://developers.grain.com,High,Verified official developer portal at developers.grain.com and native MCP server support.
